1,04,Kane Lu,1982-10-11,Cleaning
2,03,Carolina Lowe,1984-03-01,Resources
3,02,Hana Storey,1984-08-23,Cleaning
4,01,Mccauley Aldred,1985-09-16,Special effects
5,05,Cameron Corrigan,1986-12-06,Cleaning
6,01,Bevan Norris,1987-02-12,Resources
7,04,Lianne Joyner,1987-11-04,Special effects
8,03,Maariya Enriquez,1987-12-20,Resources
9,00,Letitia Santos,1988-12-19,Resources
10,02,Jarrod Rogers,1990-01-05,Security
11,03,Hanna Burgess,1990-10-02,Cleaning
12,00,Emmy Sharples,1992-02-01,Security
13,02,Huma Mosley,1993-03-14,Cleaning
14,03,Coral Stubbs,1993-09-26,Security
15,05,Kirby Ahmed,1994-12-29,Resources
16,04,Brendan Doherty,1995-04-19,Special effects
17,05,Ty Simmons,1996-03-27,Special effects
18,02,Mahi Butler,1997-06-22,Cleaning
19,03,Margo Weber,1997-11-04,Resources
20,04,Sienna Legge,1999-10-27,Security
21,02,Riya Vazquez,2000-01-19,Resources
22,05,Manuel Joseph,2000-07-08,Special effects
23,01,Ikra Bolton,2000-09-21,Security
24,01,Katie-Louise Lugo,2001-10-03,Security
25,04,Edan Tanner,2002-01-23,Cleaning
26,00,Waqar Wills,1983-08-18,Security
27,04,Xanthe Huffman,1984-05-09,Resources
28,02,Jordana Mcgregor,1985-09-07,Special effects
29,03,Ariah Cresswell,1986-06-12,Cleaning
30,04,Arisha Owens,1986-11-17,Resources
31,05,Grover Regan,1987-12-04,Special effects
32,02,Cormac Iles,1988-04-02,Special effects
33,03,Kenya Samuels,1988-07-07,Special effects
34,03,Gaia Mann,1990-08-02,Special effects
35,05,Amy Brady,1990-10-15,Cleaning
36,03,Lenny Ireland,1992-03-17,Resources
37,04,Beulah Morrison,1992-04-03,Resources
38,03,Alana Cairns,1992-06-01,Special effects
39,00,Kaiser Bassett,1993-02-09,Resources
40,05,Hugh Parkinson,1993-04-13,Security
41,03,Kiri Workman,1993-11-07,Cleaning
42,02,Aditi Hartman,1996-04-23,Resources
43,04,Zofia Bates,1996-11-11,Resources
44,05,Matei Allan,1997-07-11,Special effects
45,02,Rocky Simon,1997-08-22,Cleaning
46,03,Amba Houghton,1997-09-01,Security
47,02,Ayat Bradford,1997-09-03,Security
48,04,Mia-Rose Chamberlain,1998-02-18,Security
49,00,Jeanette Parrish,1998-11-07,Cleaning
50,00,Lilli Bouvet,2001-02-17,Special effects
51,02,Connah Clarke,1983-05-16,Security
52,01,Padraig North,1984-03-03,Resources
53,05,Lillia Frye,1987-02-09,Special effects
54,05,Montgomery Kenny,1987-09-24,Resources
55,01,Nabeela Estes,1988-12-09,Security
56,00,Pheobe Calvert,1989-06-12,Resources
57,05,Madiha Derrick,1989-08-04,Security
58,04,Donnell Russo,1992-01-23,Cleaning
59,03,Dawson Beattie,1992-12-12,Security
60,02,Izzy Price,1993-03-18,Resources
61,01,Yousef Stout,1993-12-13,Cleaning
62,02,Clement Dickerson,1994-01-27,Resources
63,05,Lola-Mae Estrada,1994-03-10,Security
64,00,Neriah Lucas,1994-08-08,Security
65,01,Nicola Couch,1995-03-03,Resources
66,02,Ameen Lancaster,1997-04-21,Security
67,00,Gwion Richardson,1997-05-09,Security
68,00,Hussain Halliday,1998-09-27,Special effects
69,02,Mack Hilton,1999-08-26,Special effects
70,02,Mario Patterson,1999-09-16,Security
71,04,Conah Horner,2000-05-27,Security
72,04,Adrianna Clarkson,2000-11-20,Cleaning
73,02,Eshal Suarez,2002-01-30,Security
74,04,Brenden Hall,2002-05-15,Security
75,01,Sanjeev Davies,2002-12-17,Cleaning
76,05,Natasha Saunders,1982-11-22,Security
77,01,Natan Cornish,1984-08-26,Security
78,04,Lukas Bender,1985-04-19,Resources
79,03,Tiago Garza,1985-08-18,Resources
80,00,Aarron Bruce,1985-12-10,Special effects
81,00,Natalya Horn,1985-12-26,Security
82,04,Kean Hendrix,1987-01-20,Resources
83,03,Kingsley York,1987-02-08,Resources
84,04,Charlize Johns,1988-11-19,Security
85,04,Rian Welsh,1990-01-17,Resources
86,05,Tracey Hubbard,1991-09-18,Resources
87,05,Valentino Knox,1992-03-17,Special effects
88,04,Wyatt Zavala,1992-11-07,Cleaning
89,01,Raj Ali,1993-12-29,Special effects
90,02,Percy Sheridan,1994-06-15,Cleaning
91,04,Jethro Buckley,1995-02-14,Special effects
92,01,Jaskaran Hope,1995-03-03,Cleaning
93,00,Adrian Rasmussen,1996-02-04,Special effects
94,00,Rafferty Valenzuela,1998-03-11,Special effects
95,04,Mohamad Cantu,1998-07-24,Special effects
96,02,Caden George,1998-10-25,Resources
97,04,Jenny Giles,1999-03-18,Security
98,04,Taslima Booth,2000-07-03,Resources
99,05,Camille Jennings,2001-02-08,Special effects
100,00,Kurt Pearce,2002-12-01,Resources
101,04,Jean-Luc Elliott,1982-07-19,Special effects
102,01,Homer Guerra,1982-11-06,Special effects
103,02,Malcolm Fletcher,1983-04-10,Security
104,01,Percy Jacobs,1983-08-15,Cleaning
105,03,Darcie Cisneros,1985-03-13,Cleaning
106,03,Wiktoria Lord,1985-11-04,Cleaning
107,00,Leandro Wilks,1986-03-20,Security
108,01,Ravinder Mckinney,1987-09-18,Security
109,05,Donte Salazar,1988-01-06,Cleaning
110,02,Aydin Lowery,1990-05-14,Resources
111,00,Laura Redmond,1990-06-03,Security
112,05,Tessa Cortes,1990-06-12,Special effects
113,01,Layla-Mae Person,1991-01-08,Cleaning
114,02,Tomos Page,1992-02-07,Resources
115,04,Maegan Gilmore,1993-06-11,Special effects
116,05,Harriette Foreman,1993-08-09,Resources
117,05,Riley-James Gordon,1994-02-10,Resources
118,01,Eshaan Marshall,1994-12-14,Cleaning
119,01,Khaleesi Hyde,1994-12-23,Special effects
120,01,Lukas Justice,1996-10-12,Special effects
121,02,Efa Manning,1998-09-25,Cleaning
122,00,Ramone Taylor,1999-09-23,Resources
123,02,Derek Mcknight,2000-08-01,Resources
124,01,Melissa Bright,2001-05-28,Special effects
125,04,Affan Oneil,2001-06-20,Special effects
126,02,Ivo Yoder,1971-04-16,Cleaning
127,04,Alex Rankin,1971-10-14,Security
128,05,Shivam Acosta,1972-07-11,Special effects
129,02,Miley Berger,1973-05-04,Security
130,01,Jovan Mullins,1974-06-03,Security
131,01,Sarah-Louise York,1975-09-26,Special effects
132,00,Kaeden Graves,1977-06-21,Security
133,05,Patrycja Mendoza,1979-04-25,Special effects
134,02,Abdi Draper,1980-03-06,Cleaning
135,02,Farah Tyler,1981-01-20,Cleaning
136,00,Amba Betts,1982-01-12,Resources
137,04,Mikolaj Ashton,1983-05-06,Security
138,05,Connagh Gill,1983-09-19,Security
139,02,Denzel Underwood,1983-10-12,Special effects
140,01,Milena Mccann,1986-01-01,Cleaning
141,00,Sadiyah Zimmerman,1986-03-20,Security
142,01,Matei Baldwin,1988-02-29,Cleaning
143,01,Jayce Byrne,1988-11-07,Cleaning
144,05,Riya Delacruz,1989-04-25,Security
145,00,Tamzin William,1989-05-11,Special effects
146,01,Jayden-Lee Joyner,1989-11-08,Security
147,04,Beulah Russo,1991-02-20,Security
148,01,Melinda Connor,1992-03-10,Security
149,02,Kylie Bostock,1993-01-13,Security
150,00,Piotr Wiley,1994-10-20,Special effects
151,03,Abbigail Collier,1971-05-05,Resources
152,05,Abbi Suarez,1972-02-25,Security
153,04,Vladimir Myers,1972-05-22,Resources
154,00,Emelia Fields,1972-11-08,Resources
155,05,Samantha Lindsay,1973-10-15,Cleaning
156,04,Amit Higgins,1975-08-13,Resources
157,04,Kailan Francis,1978-09-21,Cleaning
158,03,Kiya Irving,1979-12-04,Security
159,05,Jamil Millington,1980-07-21,Security
160,04,Armaan Mcmillan,1980-10-22,Security
161,00,Phyllis Cottrell,1981-03-18,Security
162,02,Pauline Quintero,1981-08-21,Resources
163,02,Demi-Lee Payne,1982-04-15,Special effects
164,02,Liyah Bloom,1983-10-06,Special effects
165,03,Bill Eaton,1985-02-21,Special effects
166,03,Matthew Fenton,1985-06-27,Security
167,04,Kate Davenport,1985-11-12,Cleaning
168,05,Anushka Huynh,1986-09-15,Special effects
169,04,Suzanne Winters,1988-10-13,Resources
170,02,Sonia Rivers,1990-08-30,Cleaning
171,03,Ahmad Ellison,1991-11-07,Security
172,05,Caitlyn Palacios,1993-11-10,Cleaning
173,01,Keir Parkinson,1994-05-30,Resources
174,05,Sky Richmond,1994-12-19,Resources
175,04,Britany Merrill,1996-07-29,Resources
176,04,Alexia Mcleod,1971-12-20,Security
177,00,Hammad Piper,1972-01-13,Security
178,05,Julie Cuevas,1976-03-17,Cleaning
179,05,Rhiannon Vincent,1976-03-29,Resources
180,02,Mikey Corona,1978-11-16,Special effects
181,03,Montell Brett,1979-08-07,Cleaning
182,04,Ace Mcfarland,1980-06-23,Special effects
183,04,Simone Pacheco,1980-09-25,Special effects
184,02,Coral Singleton,1981-03-16,Security
185,02,Raymond O'Brien,1981-09-11,Special effects
186,00,Izaac Dodd,1983-12-21,Cleaning
187,03,Darien Griffith,1984-12-28,Cleaning
188,04,Benny Edmonds,1985-11-07,Cleaning
189,00,Braiden Dillard,1985-12-31,Resources
190,04,Arun Sargent,1988-04-19,Special effects
191,04,Aubrey Moreno,1989-07-20,Resources
192,01,Malaikah Buxton,1990-12-13,Security
193,02,Aqib Sinclair,1992-02-14,Special effects
194,01,Dawn Peterson,1992-06-23,Security
195,00,Dillon Beech,1993-02-05,Special effects
196,02,Tegan Nielsen,1994-09-26,Resources
197,05,Kerri Schaefer,1994-09-30,Security
198,00,Zayaan Mac,1995-05-25,Special effects
199,01,Umaiza Camacho,1995-06-21,Resources
200,05,Jamelia Wyatt,1995-08-17,Cleaning
